<?xml version="1.0"?>
<!--<!DOCTYPE metadata SYSTEM "http://www.esri.com/metadata/esriprof80.dtd">-->
<metadata xml:lang="en"><Esri><MetaID>{570377F3-F610-46CF-B7FC-77F465ABF827}</MetaID><CreaDate>20130610</CreaDate><CreaTime>11550700</CreaTime><SyncOnce>TRUE</SyncOnce><DataProperties><lineage><Process ToolSource="C:\Program Files\ArcGIS\ArcToolbox\Toolboxes\Geocoding Tools.tbx\StandardizeAddresses" Date="20130610" Time="115507">StandardizeAddresses "C:\Daily Work\Geocoding_Result.shp" Address "US Streets" HouseNum;PreDir;PreType;StreetName;SufType;SufDir "C:\Daily Work\Geocoding_Result_Standardize.shp" Static</Process></lineage></DataProperties></Esri></metadata>
